atlas,region,fear_study_count,fear_activation_density_mean_z,fear_activation_density_rank,fear_pooled_seed_activation_density_mean_z,fear_seed_scaled_activation_density,fear_seed_scaled_activation_density_rank,threat_study_count,threat_activation_density_mean_z,threat_activation_density_rank,threat_pooled_seed_activation_density_mean_z,threat_seed_scaled_activation_density,threat_seed_scaled_activation_density_rank,fear_conditioning_study_count,fear_conditioning_activation_density_mean_z,fear_conditioning_activation_density_rank,fear_conditioning_pooled_seed_activation_density_mean_z,fear_conditioning_seed_scaled_activation_density,fear_conditioning_seed_scaled_activation_density_rank,stress_study_count,stress_activation_density_mean_z,stress_activation_density_rank,stress_pooled_seed_activation_density_mean_z,stress_seed_scaled_activation_density,stress_seed_scaled_activation_density_rank,amygdala_study_count,amygdala_activation_density_mean_z,amygdala_activation_density_rank,amygdala_pooled_seed_activation_density_mean_z,amygdala_seed_scaled_activation_density,amygdala_seed_scaled_activation_density_rank,secondary_mean_primary_term_seed_scaled_activation_density,secondary_rank_primary_term_seed_scaled_activation_density,cross_species_mapping_status,cross_species_mapping_notes
harvard_oxford_subcortical,Left Amygdala,363,13.59767428878086,1.0,3.3616106779233936,45.71008708409013,1.0,228,12.004201684901917,1.0,2.4951846645384195,29.95269995419352,1.0,77,7.193147572037441,2.0,1.7211243169446138,12.380301201604748,2.0,321,8.305471851934794,1.0,2.4537854873939593,20.37984629623663,1.0,1579,14.121426582336426,1.0,5.770496467759316,81.48764221309486,1.0,27.10573363403126,1.0,requires_curated_domain_expert_mapping,"Automatic lexical mouse-human matching is disabled. A scientifically meaningful cross-species comparison requires a curated, literature-cited mapping defined by a domain expert before quantitative comparison is attempted."
harvard_oxford_subcortical,Right Amygdala,363,13.587052609751133,2.0,3.3616106779233936,45.67438113444632,2.0,228,10.955478448033984,2.0,2.4951846645384195,27.335941816215563,2.0,77,8.856832048280642,1.0,1.7211243169446138,15.243709009390185,1.0,321,6.964033605622464,2.0,2.4537854873939593,17.08824459520023,2.0,1579,14.121426582336426,1.0,5.770496467759316,81.48764221309486,1.0,26.335569138813078,2.0,requires_curated_domain_expert_mapping,"Automatic lexical mouse-human matching is disabled. A scientifically meaningful cross-species comparison requires a curated, literature-cited mapping defined by a domain expert before quantitative comparison is attempted."
harvard_oxford_cortical,Frontal Opercular Cortex,363,6.630238525970707,3.0,3.3616106779233936,22.28828062608219,3.0,228,6.675007577112495,3.0,2.4951846645384195,16.65537654208885,3.0,77,3.2335313571592605,5.0,1.7211243169446138,5.565309448409722,5.0,321,4.5481353231219055,6.0,2.4537854873939593,11.160148450580367,6.0,1579,10.88191954466193,5.0,5.770496467759316,62.79407829491273,5.0,13.917278766790282,3.0,requires_curated_domain_expert_mapping,"Automatic lexical mouse-human matching is disabled. A scientifically meaningful cross-species comparison requires a curated, literature-cited mapping defined by a domain expert before quantitative comparison is attempted."
harvard_oxford_subcortical,Left Hippocampus,363,5.86392687854132,4.0,3.3616106779233936,19.712239209466496,4.0,228,4.08985489210068,5.0,2.4951846645384195,10.204943206957049,5.0,77,3.5050005332476495,4.0,1.7211243169446138,6.032541648676368,4.0,321,4.424541119814954,7.0,2.4537854873939593,10.856874788179752,7.0,1579,10.461470052266328,6.0,5.770496467759316,60.36787598417272,6.0,11.701649713319917,4.0,requires_curated_domain_expert_mapping,"Automatic lexical mouse-human matching is disabled. A scientifically meaningful cross-species comparison requires a curated, literature-cited mapping defined by a domain expert before quantitative comparison is attempted."
harvard_oxford_subcortical,Right Hippocampus,363,5.348717373907566,5.0,3.3616106779233936,17.980305437322045,5.0,228,4.006919417466436,6.0,2.4951846645384195,9.99800388250347,6.0,77,3.8568571586268288,3.0,1.7211243169446138,6.638130642694544,3.0,321,4.2040883037022185,8.0,2.4537854873939593,10.315930867347191,8.0,1579,10.36252201730718,7.0,5.770496467759316,59.79689669794923,7.0,11.233092707466811,5.0,requires_curated_domain_expert_mapping,"Automatic lexical mouse-human matching is disabled. A scientifically meaningful cross-species comparison requires a curated, literature-cited mapping defined by a domain expert before quantitative comparison is attempted."
harvard_oxford_cortical,Insular Cortex,363,5.272750752812927,6.0,3.3616106779233936,17.724935232684548,6.0,228,3.577029598365223,7.0,2.4951846645384195,8.925349398440927,7.0,77,3.152673557457991,6.0,1.7211243169446138,5.42614312312923,6.0,321,3.57682834961561,10.0,2.4537854873939593,8.776769495186072,10.0,1579,8.226149464649893,10.0,5.770496467759316,47.4689664290224,10.0,10.213299312360194,6.0,requires_curated_domain_expert_mapping,"Automatic lexical mouse-human matching is disabled. A scientifically meaningful cross-species comparison requires a curated, literature-cited mapping defined by a domain expert before quantitative comparison is attempted."
harvard_oxford_subcortical,Right Accumbens,363,3.2498812661284493,10.0,3.3616106779233936,10.924835566200594,10.0,228,4.3197874540374395,4.0,2.4951846645384195,10.77866740937968,4.0,77,2.310592818827856,8.0,1.7211243169446138,3.976817487042223,8.0,321,4.723525410606747,5.0,2.4537854873939593,11.59051810188343,5.0,1579,11.381785387084598,3.0,5.770496467759316,65.67855237296628,3.0,9.31770964112648,7.0,requires_curated_domain_expert_mapping,"Automatic lexical mouse-human matching is disabled. A scientifically meaningful cross-species comparison requires a curated, literature-cited mapping defined by a domain expert before quantitative comparison is attempted."
harvard_oxford_subcortical,Left Accumbens,363,3.912964348042949,9.0,3.3616106779233936,13.153862734714727,9.0,228,2.8763752264922924,8.0,2.4951846645384195,7.177087354601791,8.0,77,1.7490622225437271,14.0,1.7211243169446138,3.0103535230692002,14.0,321,4.924197494313958,4.0,2.4537854873939593,12.08292434860929,4.0,1579,11.276696564106459,4.0,5.770496467759316,65.07213769116994,4.0,8.856056990248751,8.0,requires_curated_domain_expert_mapping,"Automatic lexical mouse-human matching is disabled. A scientifically meaningful cross-species comparison requires a curated, literature-cited mapping defined by a domain expert before quantitative comparison is attempted."
harvard_oxford_subcortical,Left Pallidum,363,4.122650188788046,8.0,3.3616106779233936,13.858744895972789,8.0,228,2.188861112246353,15.0,2.4951846645384195,5.461612680081608,15.0,77,1.7990123235554285,13.0,1.7211243169446138,3.0963238565542794,13.0,321,5.259875397557177,3.0,2.4537854873939593,12.906605916026331,3.0,1579,9.482875150687686,8.0,5.770496467759316,54.720897561245884,8.0,8.830821837158751,9.0,requires_curated_domain_expert_mapping,"Automatic lexical mouse-human matching is disabled. A scientifically meaningful cross-species comparison requires a curated, literature-cited mapping defined by a domain expert before quantitative comparison is attempted."
harvard_oxford_subcortical,Right Pallidum,363,4.12680855135505,7.0,3.3616106779233936,13.872723691980708,7.0,228,2.564435783257851,10.0,2.4951846645384195,6.39874083957856,10.0,77,2.368768306305775,7.0,1.7211243169446138,4.076944733190577,7.0,321,3.3978231957325566,11.0,2.4537854873939593,8.337529246419113,11.0,1579,9.24721419100578,9.0,5.770496467759316,53.361016825812676,9.0,8.171484627792239,10.0,requires_curated_domain_expert_mapping,"Automatic lexical mouse-human matching is disabled. A scientifically meaningful cross-species comparison requires a curated, literature-cited mapping defined by a domain expert before quantitative comparison is attempted."
harvard_oxford_subcortical,Right Thalamus,363,2.924193191126465,15.0,3.3616106779233936,9.829999055601608,15.0,228,2.7196449492930994,9.0,2.4951846645384195,6.786016370465509,9.0,77,2.283657605770688,9.0,1.7211243169446138,3.9304586368674475,9.0,321,2.600348334222312,14.0,2.4537854873939593,6.380697004683766,14.0,1579,5.3183907489615345,18.0,5.770496467759316,30.68975503104636,18.0,6.731792766904583,11.0,requires_curated_domain_expert_mapping,"Automatic lexical mouse-human matching is disabled. A scientifically meaningful cross-species comparison requires a curated, literature-cited mapping defined by a domain expert before quantitative comparison is attempted."
harvard_oxford_subcortical,Left Putamen,363,2.751198591014023,16.0,3.3616106779233936,9.248458560640536,16.0,228,2.0645551653916905,17.0,2.4951846645384195,5.151446387778926,17.0,77,1.4029183785742305,15.0,1.7211243169446138,2.4145969360526176,15.0,321,4.118564795623434,9.0,2.4537854873939593,10.10607452439245,9.0,1579,7.081808293036048,13.0,5.770496467759316,40.86554974031315,13.0,6.730144102216133,12.0,requires_curated_domain_expert_mapping,"Automatic lexical mouse-human matching is disabled. A scientifically meaningful cross-species comparison requires a curated, literature-cited mapping defined by a domain expert before quantitative comparison is attempted."
harvard_oxford_subcortical,Left Thalamus,363,3.0337751513173594,13.0,3.3616106779233936,10.198370943087095,13.0,228,2.402694918367558,13.0,2.4951846645384195,5.99516751387512,13.0,77,1.863080171226643,12.0,1.7211243169446138,3.2065925871155097,12.0,321,2.606545032492016,13.0,2.4537854873939593,6.395902372967725,13.0,1579,5.596997709217623,17.0,5.770496467759316,32.29745551109728,17.0,6.4490083542613625,13.0,requires_curated_domain_expert_mapping,"Automatic lexical mouse-human matching is disabled. A scientifically meaningful cross-species comparison requires a curated, literature-cited mapping defined by a domain expert before quantitative comparison is attempted."
harvard_oxford_subcortical,Right Putamen,363,2.9385044764933275,14.0,3.3616106779233936,9.87810802530566,14.0,228,1.878883372524276,18.0,2.4951846645384195,4.6881609775788,18.0,77,2.0408686065494117,10.0,1.7211243169446138,3.512588586421062,10.0,321,2.442492126969237,16.0,2.4537854873939593,5.993351734231117,16.0,1579,7.347536578139141,11.0,5.770496467759316,42.398933870884285,11.0,6.01805233088416,14.0,requires_curated_domain_expert_mapping,"Automatic lexical mouse-human matching is disabled. A scientifically meaningful cross-species comparison requires a curated, literature-cited mapping defined by a domain expert before quantitative comparison is attempted."
harvard_oxford_cortical,"Inferior Frontal Gyrus, pars opercularis",363,2.5829021502393865,17.0,3.3616106779233936,8.682711448276015,17.0,228,2.4023958066467603,14.0,2.4951846645384195,5.994421174896402,14.0,77,0.8343300779775388,21.0,1.7211243169446138,1.4359857855654377,21.0,321,2.4644810058219586,15.0,2.4537854873939593,6.047307726043989,15.0,1579,6.094728274783995,16.0,5.770496467759316,35.16960798159387,16.0,5.540106533695461,15.0,requires_curated_domain_expert_mapping,"Automatic lexical mouse-human matching is disabled. A scientifically meaningful cross-species comparison requires a curated, literature-cited mapping defined by a domain expert before quantitative comparison is attempted."
harvard_oxford_cortical,"Parahippocampal Gyrus, anterior division",363,3.093392294473373,12.0,3.3616106779233936,10.398780568107638,12.0,228,2.1294985418327346,16.0,2.4951846645384195,5.313492104737965,16.0,77,2.0057937488891184,11.0,1.7211243169446138,3.4522203959885602,11.0,321,1.1786234205564818,25.0,2.4537854873939593,2.892089044464122,25.0,1579,6.128354873730971,15.0,5.770496467759316,35.36365015204016,15.0,5.514145528324572,16.0,requires_curated_domain_expert_mapping,"Automatic lexical mouse-human matching is disabled. A scientifically meaningful cross-species comparison requires a curated, literature-cited mapping defined by a domain expert before quantitative comparison is attempted."
harvard_oxford_cortical,Temporal Occipital Fusiform Cortex,363,3.237071443123425,11.0,3.3616106779233936,10.881773928404595,11.0,228,2.4587434460874964,12.0,2.4951846645384195,6.135018940711867,12.0,77,1.0312947492927333,20.0,1.7211243169446138,1.7749864709450225,20.0,321,0.5915322731026506,34.0,2.4537854873939593,1.451493307064444,34.0,1579,7.28012766970139,12.0,5.770496467759316,42.00995100284873,12.0,5.060818161781482,17.0,requires_curated_domain_expert_mapping,"Automatic lexical mouse-human matching is disabled. A scientifically meaningful cross-species comparison requires a curated, literature-cited mapping defined by a domain expert before quantitative comparison is attempted."
harvard_oxford_cortical,"Inferior Frontal Gyrus, pars triangularis",363,1.904822243038136,20.0,3.3616106779233936,6.403270791742988,20.0,228,2.5563863045717516,11.0,2.4951846645384195,6.378655903803476,11.0,77,0.45435927459735387,30.0,1.7211243169446138,0.7820087961388209,30.0,321,1.927225554532499,19.0,2.4537854873939593,4.728998096646621,19.0,1579,6.393983965746362,14.0,5.770496467759316,36.89646188924909,14.0,4.573233397082976,18.0,requires_curated_domain_expert_mapping,"Automatic lexical mouse-human matching is disabled. A scientifically meaningful cross-species comparison requires a curated, literature-cited mapping defined by a domain expert before quantitative comparison is attempted."
harvard_oxford_cortical,Juxtapositional Lobule Cortex (formerly Supplementary Motor Cortex),363,1.3614967250317898,26.0,3.3616106779233936,4.576821928824595,26.0,228,1.5979351393296068,19.0,2.4951846645384195,3.9871432545822976,19.0,77,1.0642059517376667,19.0,1.7211243169446138,1.8316307417728843,19.0,321,2.1872692512112324,18.0,2.4537854873939593,5.367089545645174,18.0,1579,2.2318503535616228,27.0,5.770496467759316,12.878884581794726,27.0,3.940671367706238,19.0,requires_curated_domain_expert_mapping,"Automatic lexical mouse-human matching is disabled. A scientifically meaningful cross-species comparison requires a curated, literature-cited mapping defined by a domain expert before quantitative comparison is attempted."
harvard_oxford_cortical,Planum Polare,363,1.7596276156574449,21.0,3.3616106779233936,5.915182981962948,21.0,228,0.7420375089301605,36.0,2.4951846645384195,1.851520612794827,36.0,77,1.289923589860645,16.0,1.7211243169446138,2.2201188575096467,16.0,321,1.7177198543965577,20.0,2.4537854873939593,4.214916050126738,20.0,1579,3.5459614968069086,22.0,5.770496467759316,20.461958292134803,22.0,3.55043462559854,20.0,requires_curated_domain_expert_mapping,"Automatic lexical mouse-human matching is disabled. A scientifically meaningful cross-species comparison requires a curated, literature-cited mapping defined by a domain expert before quantitative comparison is attempted."
harvard_oxford_subcortical,Right Caudate,363,1.1199386913307492,29.0,3.3616106779233936,3.764797863396998,29.0,228,1.3941423625862062,20.0,2.4951846645384195,3.4786426433084623,20.0,77,0.5378324396747899,26.0,1.7211243169446138,0.9256764903659279,26.0,321,2.4305198732945783,17.0,2.4537854873939593,5.963974391912841,17.0,1579,4.047547164426865,19.0,5.770496467759316,23.35635661541446,19.0,3.5332728472460575,21.0,requires_curated_domain_expert_mapping,"Automatic lexical mouse-human matching is disabled. A scientifically meaningful cross-species comparison requires a curated, literature-cited mapping defined by a domain expert before quantitative comparison is attempted."
harvard_oxford_subcortical,Left Caudate,363,1.4147181366197383,25.0,3.3616106779233936,4.755731594312799,25.0,228,0.7757957012256802,34.0,2.4951846645384195,1.9357535365131469,34.0,77,0.23592426653882562,43.0,1.7211243169446138,0.40605499209729523,43.0,321,2.8014452338708256,12.0,2.4537854873939593,6.874145658601208,12.0,1579,3.592113477517363,21.0,5.770496467759316,20.728278133804576,21.0,3.4929214453811124,22.0,requires_curated_domain_expert_mapping,"Automatic lexical mouse-human matching is disabled. A scientifically meaningful cross-species comparison requires a curated, literature-cited mapping defined by a domain expert before quantitative comparison is attempted."
harvard_oxford_cortical,Heschl's Gyrus (includes H1 and H2),363,1.9525678673426048,19.0,3.3616106779233936,6.5637729922290085,19.0,228,0.8061588958201819,33.0,2.4951846645384195,2.011515314031743,33.0,77,0.5051386061537739,27.0,1.7211243169446138,0.8694063384787685,27.0,321,1.5567467121641763,22.0,2.4537854873939593,3.819922489856717,22.0,1579,1.8584121165963643,33.0,5.770496467759316,10.723960554460435,33.0,3.3161542836490594,23.0,requires_curated_domain_expert_mapping,"Automatic lexical mouse-human matching is disabled. A scientifically meaningful cross-species comparison requires a curated, literature-cited mapping defined by a domain expert before quantitative comparison is attempted."
harvard_oxford_cortical,Central Opercular Cortex,363,1.6007947131580538,24.0,3.3616106779233936,5.38124860091543,24.0,228,0.7057438699779429,37.0,2.4951846645384195,1.7609612814609594,37.0,77,1.0809057195565228,18.0,1.7211243169446138,1.8603731182532466,18.0,321,1.4494970590824288,23.0,2.4537854873939593,3.556754847596688,23.0,1579,2.2401308246262563,26.0,5.770496467759316,12.926667010824577,26.0,3.139834462056581,24.0,requires_curated_domain_expert_mapping,"Automatic lexical mouse-human matching is disabled. A scientifically meaningful cross-species comparison requires a curated, literature-cited mapping defined by a domain expert before quantitative comparison is attempted."
harvard_oxford_cortical,Parietal Opercular Cortex,363,1.7149695169456949,22.0,3.3616106779233936,5.765059840477773,22.0,228,0.9766333875004152,24.0,2.4951846645384195,2.4368806513672436,24.0,77,1.081890652190904,17.0,1.7211243169446138,1.8620683097608324,17.0,321,0.9942342305391147,26.0,2.4537854873939593,2.43963752596718,26.0,1579,1.190220405127507,44.0,5.770496467759316,6.868162643643341,44.0,3.1259115818932575,25.0,requires_curated_domain_expert_mapping,"Automatic lexical mouse-human matching is disabled. A scientifically meaningful cross-species comparison requires a curated, literature-cited mapping defined by a domain expert before quantitative comparison is attempted."
harvard_oxford_cortical,"Parahippocampal Gyrus, posterior division",363,1.277264783269083,27.0,3.3616106779233936,4.293666933972859,27.0,228,0.9601198013399689,25.0,2.4951846645384195,2.395676204423164,25.0,77,0.5458300967451553,23.0,1.7211243169446138,0.9394414524283178,23.0,321,1.6237012459148823,21.0,2.4537854873939593,3.9842145530894286,21.0,1579,3.824499035242315,20.0,5.770496467759316,22.069258173814692,20.0,2.903249785978442,26.0,requires_curated_domain_expert_mapping,"Automatic lexical mouse-human matching is disabled. A scientifically meaningful cross-species comparison requires a curated, literature-cited mapping defined by a domain expert before quantitative comparison is attempted."
harvard_oxford_cortical,"Lateral Occipital Cortex, inferior division",363,2.0509949085997556,18.0,3.3616106779233936,6.894646385115453,18.0,228,1.1585587470535545,22.0,2.4951846645384195,2.8908180186148753,22.0,77,0.24991561870363296,42.0,1.7211243169446138,0.4301358485350808,42.0,321,0.24998131989120825,53.0,2.4537854873939593,0.6134005348686337,53.0,1579,3.1087368057152918,23.0,5.770496467759316,17.93895475657347,23.0,2.7072501967835105,27.0,requires_curated_domain_expert_mapping,"Automatic lexical mouse-human matching is disabled. A scientifically meaningful cross-species comparison requires a curated, literature-cited mapping defined by a domain expert before quantitative comparison is attempted."
harvard_oxford_cortical,Occipital Fusiform Gyrus,363,1.6443811722042025,23.0,3.3616106779233936,5.527769307057834,23.0,228,0.8154515932630727,31.0,2.4951846645384195,2.0347023101834396,31.0,77,0.5386014188560404,25.0,1.7211243169446138,0.9269999991340023,25.0,321,0.25400601324118915,52.0,2.4537854873939593,0.6232762690020278,52.0,1579,1.966215084723567,30.0,5.770496467759316,11.346037201252429,30.0,2.278186971344326,28.0,requires_curated_domain_expert_mapping,"Automatic lexical mouse-human matching is disabled. A scientifically meaningful cross-species comparison requires a curated, literature-cited mapping defined by a domain expert before quantitative comparison is attempted."
harvard_oxford_subcortical,Left Cerebral Cortex,363,0.9934634400276026,36.0,3.3616106779233936,3.339637308123296,36.0,228,0.8644710399559681,27.0,2.4951846645384195,2.157014881835711,27.0,77,0.3958761607190422,32.0,1.7211243169446138,0.6813520867122176,32.0,321,0.860479009741597,27.0,2.4537854873939593,2.111430906311056,27.0,1579,1.912465484763742,31.0,5.770496467759316,11.03587532454078,31.0,2.0723587957455702,29.0,requires_curated_domain_expert_mapping,"Automatic lexical mouse-human matching is disabled. A scientifically meaningful cross-species comparison requires a curated, literature-cited mapping defined by a domain expert before quantitative comparison is attempted."
harvard_oxford_subcortical,Right Cerebral Cortex,363,1.0541356019083676,31.0,3.3616106779233936,3.543593495354372,31.0,228,0.834262714967535,29.0,2.4951846645384195,2.08163953258318,29.0,77,0.5396798860474676,24.0,1.7211243169446138,0.9288561752421948,24.0,321,0.6650278228014483,31.0,2.4537854873939593,1.6318356203033955,31.0,1579,1.903131855072673,32.0,5.770496467759316,10.982015647377095,32.0,2.0464812058707857,30.0,requires_curated_domain_expert_mapping,"Automatic lexical mouse-human matching is disabled. A scientifically meaningful cross-species comparison requires a curated, literature-cited mapping defined by a domain expert before quantitative comparison is attempted."
harvard_oxford_cortical,Angular Gyrus,363,1.0317214427832104,34.0,3.3616106779233936,3.4682458187025698,34.0,228,1.0278255593336287,23.0,2.4951846645384195,2.564614573469894,23.0,77,0.2730440787071012,40.0,1.7211243169446138,0.46994280346053086,40.0,321,0.6828147209917871,29.0,2.4537854873939593,1.6754808529486025,29.0,1579,1.9726430281245562,29.0,5.770496467759316,11.383129625942793,29.0,2.0445710121453993,31.0,requires_curated_domain_expert_mapping,"Automatic lexical mouse-human matching is disabled. A scientifically meaningful cross-species comparison requires a curated, literature-cited mapping defined by a domain expert before quantitative comparison is attempted."
harvard_oxford_cortical,"Supramarginal Gyrus, posterior division",363,1.0187856085720501,35.0,3.3616106779233936,3.424760580290487,35.0,228,0.8389295865445604,28.0,2.4951846645384195,2.0932842389735438,28.0,77,0.3540305365709775,37.0,1.7211243169446138,0.6093305654332587,37.0,321,0.6362458138787256,32.0,2.4537854873939593,1.561210744510775,32.0,1579,1.3049689268226636,41.0,5.770496467759316,7.5303185827658465,41.0,1.922146532302016,32.0,requires_curated_domain_expert_mapping,"Automatic lexical mouse-human matching is disabled. A scientifically meaningful cross-species comparison requires a curated, literature-cited mapping defined by a domain expert before quantitative comparison is attempted."
harvard_oxford_cortical,"Cingulate Gyrus, posterior division",363,0.6700901091840137,41.0,3.3616106779233936,2.252582066203833,41.0,228,0.3697876979660237,50.0,2.4951846645384195,0.9226885930997871,50.0,77,0.37033654864920706,35.0,1.7211243169446138,0.6373952393334922,35.0,321,1.4237212153278278,24.0,2.4537854873939593,3.493506456266314,24.0,1579,1.4603163583461307,39.0,5.770496467759316,8.426750387647495,39.0,1.8265430887258565,33.0,requires_curated_domain_expert_mapping,"Automatic lexical mouse-human matching is disabled. A scientifically meaningful cross-species comparison requires a curated, literature-cited mapping defined by a domain expert before quantitative comparison is attempted."
harvard_oxford_cortical,Planum Temporale,363,1.2620411220343173,28.0,3.3616106779233936,4.242490911808981,28.0,228,0.49502365122071834,45.0,2.4951846645384195,1.2351754231097516,45.0,77,0.2629449490551688,41.0,1.7211243169446138,0.45256094583661366,41.0,321,0.5350779163486817,38.0,2.4537854873939593,1.3129664257613942,38.0,1579,1.6026305911647736,36.0,5.770496467759316,9.24797416543935,36.0,1.8107984266291852,34.0,requires_curated_domain_expert_mapping,"Automatic lexical mouse-human matching is disabled. A scientifically meaningful cross-species comparison requires a curated, literature-cited mapping defined by a domain expert before quantitative comparison is attempted."
harvard_oxford_cortical,"Supramarginal Gyrus, anterior division",363,1.1014094324750412,30.0,3.3616106779233936,3.7025097089736434,30.0,228,0.4666276883791563,46.0,2.4951846645384195,1.1643222520926833,46.0,77,0.3817066170198225,33.0,1.7211243169446138,0.6569645404914813,33.0,321,0.5310945923426258,39.0,2.4537854873939593,1.3031922031237462,39.0,1579,0.5434879272396705,52.0,5.770496467759316,3.136195164406351,52.0,1.7067471761703885,35.0,requires_curated_domain_expert_mapping,"Automatic lexical mouse-human matching is disabled. A scientifically meaningful cross-species comparison requires a curated, literature-cited mapping defined by a domain expert before quantitative comparison is attempted."
harvard_oxford_cortical,"Inferior Temporal Gyrus, temporooccipital part",363,1.0431068442609845,33.0,3.3616106779233936,3.5065191058827,33.0,228,0.8875286638736725,26.0,2.4951846645384195,2.214547911435861,26.0,77,0.21660495945790997,44.0,1.7211243169446138,0.3728040628938111,44.0,321,0.13508408869407615,60.0,2.4537854873939593,0.33146737641536245,60.0,1579,2.568688789353117,24.0,5.770496467759316,14.822609585735115,24.0,1.6063346141569337,36.0,requires_curated_domain_expert_mapping,"Automatic lexical mouse-human matching is disabled. A scientifically meaningful cross-species comparison requires a curated, literature-cited mapping defined by a domain expert before quantitative comparison is attempted."
harvard_oxford_subcortical,Left Cerebral White Matter,363,0.7000314086440045,40.0,3.3616106779233936,2.3532330581794403,40.0,228,0.5794792510907532,41.0,2.4951846645384195,1.4459077407398555,41.0,77,0.3769276495281349,34.0,1.7211243169446138,0.64873934333165,34.0,321,0.7684284955104489,28.0,2.4537854873939593,1.8855586903835138,28.0,1579,1.4019358344501516,40.0,5.770496467759316,8.089865780719808,40.0,1.5833597081586148,37.0,requires_curated_domain_expert_mapping,"Automatic lexical mouse-human matching is disabled. A scientifically meaningful cross-species comparison requires a curated, literature-cited mapping defined by a domain expert before quantitative comparison is attempted."
harvard_oxford_cortical,"Middle Temporal Gyrus, temporooccipital part",363,1.0520485408619016,32.0,3.3616106779233936,3.536577608655094,32.0,228,0.834233081269407,30.0,2.4951846645384195,2.081565591034057,30.0,77,0.04676552363736425,60.0,1.7211243169446138,0.08048927992691574,60.0,321,0.20174653716608434,57.0,2.4537854873939593,0.4950427250301238,57.0,1579,2.2977340219418303,25.0,5.770496467759316,13.25906605746574,25.0,1.5484188011615476,38.0,requires_curated_domain_expert_mapping,"Automatic lexical mouse-human matching is disabled. A scientifically meaningful cross-species comparison requires a curated, literature-cited mapping defined by a domain expert before quantitative comparison is attempted."
harvard_oxford_subcortical,Right Cerebral White Matter,363,0.7300605788379827,39.0,3.3616106779233936,2.454179437352696,39.0,228,0.6108300713840361,39.0,2.4951846645384195,1.524133826756355,39.0,77,0.4768004357963986,28.0,1.7211243169446138,0.8206328243789707,28.0,321,0.5421513750113827,37.0,2.4537854873939593,1.3303231759736107,37.0,1579,1.4735076791477335,38.0,5.770496467759316,8.502870857738223,38.0,1.532317316115408,39.0,requires_curated_domain_expert_mapping,"Automatic lexical mouse-human matching is disabled. A scientifically meaningful cross-species comparison requires a curated, literature-cited mapping defined by a domain expert before quantitative comparison is attempted."
harvard_oxford_cortical,Middle Frontal Gyrus,363,0.5096944670667318,43.0,3.3616106779233936,1.7133943629699993,43.0,228,0.8131064030463037,32.0,2.4951846645384195,2.028850627519132,32.0,77,0.3050324810574923,39.0,1.7211243169446138,0.5249988206059973,39.0,321,0.6687585934015527,30.0,2.4537854873939593,1.6409901310587278,30.0,1579,1.4893714002308354,37.0,5.770496467759316,8.594412404213783,37.0,1.477058485538464,40.0,requires_curated_domain_expert_mapping,"Automatic lexical mouse-human matching is disabled. A scientifically meaningful cross-species comparison requires a curated, literature-cited mapping defined by a domain expert before quantitative comparison is attempted."
harvard_oxford_cortical,Temporal Pole,363,0.9204616079415721,37.0,3.3616106779233936,3.094233569874925,37.0,228,0.3912128726784729,49.0,2.4951846645384195,0.9761483604773468,49.0,77,0.5733402363910111,22.0,1.7211243169446138,0.9867898227353423,22.0,321,0.3186384617928056,49.0,2.4537854873939593,0.7818704332727209,49.0,1579,1.8581614105316162,34.0,5.770496467759316,10.72251385599936,34.0,1.4597605465900836,41.0,requires_curated_domain_expert_mapping,"Automatic lexical mouse-human matching is disabled. A scientifically meaningful cross-species comparison requires a curated, literature-cited mapping defined by a domain expert before quantitative comparison is attempted."
harvard_oxford_cortical,"Temporal Fusiform Cortex, posterior division",363,0.6685570243797457,42.0,3.3616106779233936,2.247428431955644,42.0,228,0.520860209219728,43.0,2.4951846645384195,1.2996424064133378,43.0,77,0.3563338681083252,36.0,1.7211243169446138,0.6132948853521732,36.0,321,0.47870914117343155,40.0,2.4537854873939593,1.1746495432941924,40.0,1579,1.3016088365508802,43.0,5.770496467759316,7.510929193721167,43.0,1.333753816753837,42.0,requires_curated_domain_expert_mapping,"Automatic lexical mouse-human matching is disabled. A scientifically meaningful cross-species comparison requires a curated, literature-cited mapping defined by a domain expert before quantitative comparison is attempted."
harvard_oxford_cortical,"Superior Temporal Gyrus, posterior division",363,0.7923145160241857,38.0,3.3616106779233936,2.663452937340608,38.0,228,0.520404613636882,44.0,2.4951846645384195,1.298505611301789,44.0,77,0.05993446914550385,56.0,1.7211243169446138,0.10315467226949335,56.0,321,0.4196778782404186,46.0,2.4537854873939593,1.0297994870066283,46.0,1579,1.8278747656581098,35.0,5.770496467759316,10.547744878736511,35.0,1.2737281769796298,43.0,requires_curated_domain_expert_mapping,"Automatic lexical mouse-human matching is disabled. A scientifically meaningful cross-species comparison requires a curated, literature-cited mapping defined by a domain expert before quantitative comparison is attempted."
harvard_oxford_cortical,Supracalcarine Cortex,363,0.1016892818198807,58.0,3.3616106779233936,0.3418397755960722,58.0,228,1.200997359222836,21.0,2.4951846645384195,2.9967101928839597,21.0,77,0.054470100450789795,58.0,1.7211243169446138,0.09374981443227008,58.0,321,0.3887973544241368,47.0,2.4537854873939593,0.9540253058231125,47.0,1579,0.04339194934907944,62.0,5.770496467759316,0.2503930904480541,62.0,1.0965812721838535,44.0,requires_curated_domain_expert_mapping,"Automatic lexical mouse-human matching is disabled. A scientifically meaningful cross-species comparison requires a curated, literature-cited mapping defined by a domain expert before quantitative comparison is attempted."
harvard_oxford_cortical,Superior Frontal Gyrus,363,0.468035838263124,44.0,3.3616106779233936,1.5733542715561442,44.0,228,0.612350792361526,38.0,2.4951846645384195,1.5279283064184297,38.0,77,0.14317843204173517,47.0,1.7211243169446138,0.24642788104903224,47.0,321,0.4197155168353338,45.0,2.4537854873939593,1.0298918440445972,45.0,1579,1.0896393934701107,45.0,5.770496467759316,6.2877602711506775,45.0,1.0944005757670507,45.0,requires_curated_domain_expert_mapping,"Automatic lexical mouse-human matching is disabled. A scientifically meaningful cross-species comparison requires a curated, literature-cited mapping defined by a domain expert before quantitative comparison is attempted."
harvard_oxford_cortical,Intracalcarine Cortex,363,0.25249556007979174,52.0,3.3616106779233936,0.8487917708924757,52.0,228,0.7549865863137718,35.0,2.4951846645384195,1.883830952102335,35.0,77,0.41621014992736394,31.0,1.7211243169446138,0.7163494099991495,31.0,321,0.31621853034041936,51.0,2.4537854873939593,0.7759324405943674,51.0,1579,0.14115198948244423,58.0,5.770496467759316,0.8145170567256446,58.0,1.0562261433970819,46.0,requires_curated_domain_expert_mapping,"Automatic lexical mouse-human matching is disabled. A scientifically meaningful cross-species comparison requires a curated, literature-cited mapping defined by a domain expert before quantitative comparison is attempted."
harvard_oxford_cortical,Precuneous Cortex,363,0.3604369259709547,46.0,3.3616106779233936,1.2116486190618452,46.0,228,0.539321516674438,42.0,2.4951846645384195,1.3457067776616591,42.0,77,0.1327071166931046,48.0,1.7211243169446138,0.2284054455721088,48.0,321,0.5706018395622536,35.0,2.4537854873939593,1.4001345129981544,35.0,1579,0.6973864659729954,50.0,5.770496467759316,4.024266138560322,50.0,1.0464738388234418,47.0,requires_curated_domain_expert_mapping,"Automatic lexical mouse-human matching is disabled. A scientifically meaningful cross-species comparison requires a curated, literature-cited mapping defined by a domain expert before quantitative comparison is attempted."
harvard_oxford_cortical,Frontal Pole,363,0.30051471456723716,48.0,3.3616106779233936,1.0102134733623251,48.0,228,0.5870862850866017,40.0,2.4951846645384195,1.464888695308919,40.0,77,0.17937850119456414,46.0,1.7211243169446138,0.3087327003430428,46.0,321,0.43704302833592373,44.0,2.4537854873939593,1.0724098402973965,44.0,1579,0.8431851948191839,48.0,5.770496467759316,4.865597188371051,48.0,0.9640611773279208,48.0,requires_curated_domain_expert_mapping,"Automatic lexical mouse-human matching is disabled. A scientifically meaningful cross-species comparison requires a curated, literature-cited mapping defined by a domain expert before quantitative comparison is attempted."
harvard_oxford_cortical,Precentral Gyrus,363,0.2789652742385503,49.0,3.3616106779233936,0.9377726446501384,49.0,228,0.4271217590658748,48.0,2.4951846645384195,1.0657476631118443,48.0,77,0.07672574093082356,52.0,1.7211243169446138,0.1320545384516331,52.0,321,0.5621815931765045,36.0,2.4537854873939593,1.3794730346165216,36.0,1579,0.918059565653827,47.0,5.770496467759316,5.29765948079806,47.0,0.8787619702075344,49.0,requires_curated_domain_expert_mapping,"Automatic lexical mouse-human matching is disabled. A scientifically meaningful cross-species comparison requires a curated, literature-cited mapping defined by a domain expert before quantitative comparison is attempted."
harvard_oxford_cortical,"Superior Temporal Gyrus, anterior division",363,0.2709616245040509,51.0,3.3616106779233936,0.9108674902402867,51.0,228,0.1403507319155673,58.0,2.4951846645384195,0.3502009939324664,58.0,77,0.4552559854602173,29.0,1.7211243169446138,0.7835521470101635,29.0,321,0.4641813145031627,42.0,2.4537854873939593,1.1390013730473119,42.0,1579,2.109695016481554,28.0,5.770496467759316,12.173987640656241,28.0,0.7959055010575571,50.0,requires_curated_domain_expert_mapping,"Automatic lexical mouse-human matching is disabled. A scientifically meaningful cross-species comparison requires a curated, literature-cited mapping defined by a domain expert before quantitative comparison is attempted."
harvard_oxford_cortical,Lingual Gyrus,363,0.27817194431323833,50.0,3.3616106779233936,0.9351057783020936,50.0,228,0.3609955118662223,52.0,2.4951846645384195,0.9007504651757949,52.0,77,0.32119350807883973,38.0,1.7211243169446138,0.5528139571992373,38.0,321,0.24839776988408158,54.0,2.4537854873939593,0.6095148428425836,54.0,1579,0.40390171262421015,55.0,5.770496467759316,2.3307134060199433,55.0,0.7495462608799274,51.0,requires_curated_domain_expert_mapping,"Automatic lexical mouse-human matching is disabled. A scientifically meaningful cross-species comparison requires a curated, literature-cited mapping defined by a domain expert before quantitative comparison is attempted."
harvard_oxford_subcortical,Brain-Stem,363,0.36694610651224424,45.0,3.3616106779233936,1.2335299498739751,45.0,228,0.367289242715192,51.0,2.4951846645384195,0.9164544858728764,51.0,77,0.1811340402240402,45.0,1.7211243169446138,0.3117542012560194,45.0,321,0.1791598264973588,58.0,2.4537854873939593,0.4396197821832387,58.0,1579,0.7008046201395027,49.0,5.770496467759316,4.04399058510441,49.0,0.7253396047965274,52.0,requires_curated_domain_expert_mapping,"Automatic lexical mouse-human matching is disabled. A scientifically meaningful cross-species comparison requires a curated, literature-cited mapping defined by a domain expert before quantitative comparison is attempted."
harvard_oxford_cortical,Superior Parietal Lobule,363,0.18109249583915635,57.0,3.3616106779233936,0.6087624677047057,57.0,228,0.2546263412358508,54.0,2.4951846645384195,0.6353397418392216,54.0,77,0.07088519595409686,53.0,1.7211243169446138,0.12200223446798004,53.0,321,0.5980166947210344,33.0,2.4537854873939593,1.467404686725778,33.0,1579,0.5992018004726911,51.0,5.770496467759316,3.4576918731026867,51.0,0.7083772826844213,53.0,requires_curated_domain_expert_mapping,"Automatic lexical mouse-human matching is disabled. A scientifically meaningful cross-species comparison requires a curated, literature-cited mapping defined by a domain expert before quantitative comparison is attempted."
harvard_oxford_subcortical,Right Lateral Ventricle,363,0.18695021169927334,56.0,3.3616106779233936,0.6284538278883162,56.0,228,0.24587726680757488,55.0,2.4951846645384195,0.6135091854968822,55.0,77,0.1326669200713782,49.0,1.7211243169446138,0.22833626218899647,49.0,321,0.4492033051292141,43.0,2.4537854873939593,1.102248551015466,43.0,1579,0.5343473736339334,53.0,5.770496467759316,3.0834496321110803,53.0,0.6431369566474152,54.0,requires_curated_domain_expert_mapping,"Automatic lexical mouse-human matching is disabled. A scientifically meaningful cross-species comparison requires a curated, literature-cited mapping defined by a domain expert before quantitative comparison is attempted."
harvard_oxford_cortical,"Lateral Occipital Cortex, superior division",363,0.21917714206752315,53.0,3.3616106779233936,0.7367882211309185,53.0,228,0.35831538839005705,53.0,2.4951846645384195,0.894063062178998,53.0,77,0.0652098851020332,55.0,1.7211243169446138,0.11223431895427363,55.0,321,0.31664694543660865,50.0,2.4537854873939593,0.7769836793399771,50.0,1579,0.4921079930756613,54.0,5.770496467759316,2.8397074357992294,54.0,0.6300173204010417,55.0,requires_curated_domain_expert_mapping,"Automatic lexical mouse-human matching is disabled. A scientifically meaningful cross-species comparison requires a curated, literature-cited mapping defined by a domain expert before quantitative comparison is attempted."
harvard_oxford_subcortical,Left Lateral Ventricle,363,0.20024523306882017,55.0,3.3616106779233936,0.6731465136874045,55.0,228,0.17005969473368215,57.0,2.4951846645384195,0.4243303423555687,57.0,77,0.05338891302133752,59.0,1.7211243169446138,0.09188895645626494,59.0,321,0.4684313570958558,41.0,2.4537854873939593,1.1494300658820684,41.0,1579,0.3953309196214228,56.0,5.770496467759316,2.2812556752714626,56.0,0.5846989695953266,56.0,requires_curated_domain_expert_mapping,"Automatic lexical mouse-human matching is disabled. A scientifically meaningful cross-species comparison requires a curated, literature-cited mapping defined by a domain expert before quantitative comparison is attempted."
harvard_oxford_cortical,"Middle Temporal Gyrus, posterior division",363,0.33069518411513604,47.0,3.3616106779233936,1.111668462059284,47.0,228,0.2221375295195249,56.0,2.4951846645384195,0.5542741570755689,56.0,77,0.08202868475772367,51.0,1.7211243169446138,0.14118156402350218,51.0,321,0.21445110339929563,55.0,2.4537854873939593,0.526217005276813,55.0,1579,0.9654007159485158,46.0,5.770496467759316,5.570841421353226,46.0,0.5833352971087921,57.0,requires_curated_domain_expert_mapping,"Automatic lexical mouse-human matching is disabled. A scientifically meaningful cross-species comparison requires a curated, literature-cited mapping defined by a domain expert before quantitative comparison is attempted."
harvard_oxford_cortical,Cuneal Cortex,363,0.005013701822472085,63.0,3.3616106779233936,0.01685411358234614,63.0,228,0.4473045374575726,47.0,2.4951846645384195,1.1161074222425862,47.0,77,0.03719084257504371,62.0,1.7211243169446138,0.06401006352356677,62.0,321,0.1634684433491131,59.0,2.4537854873939593,0.40111649393693527,59.0,1579,0.0,63.0,5.770496467759316,0.0,63.0,0.39952202332135855,58.0,requires_curated_domain_expert_mapping,"Automatic lexical mouse-human matching is disabled. A scientifically meaningful cross-species comparison requires a curated, literature-cited mapping defined by a domain expert before quantitative comparison is attempted."
harvard_oxford_cortical,"Middle Temporal Gyrus, anterior division",363,0.06891107191946709,60.0,3.3616106779233936,0.2316521951916275,60.0,228,0.05441420075466048,60.0,2.4951846645384195,0.13577347925614372,60.0,77,0.055061404066125176,57.0,1.7211243169446138,0.09476752146332107,57.0,321,0.3815125739026182,48.0,2.4537854873939593,0.93615001710056,48.0,1579,1.3036206245196122,42.0,5.770496467759316,7.522538209088617,42.0,0.34958580325291305,59.0,requires_curated_domain_expert_mapping,"Automatic lexical mouse-human matching is disabled. A scientifically meaningful cross-species comparison requires a curated, literature-cited mapping defined by a domain expert before quantitative comparison is attempted."
harvard_oxford_cortical,Occipital Pole,363,0.2069111536959521,54.0,3.3616106779233936,0.695554743645761,54.0,228,0.09163371868392027,59.0,2.4951846645384195,0.2286430496147455,59.0,77,0.01847745952922978,63.0,1.7211243169446138,0.03180200491111735,63.0,321,0.0833864477466597,61.0,2.4537854873939593,0.20461245532608827,61.0,1579,0.19887070292910566,57.0,5.770496467759316,1.1475826887932166,57.0,0.29015306337442803,60.0,requires_curated_domain_expert_mapping,"Automatic lexical mouse-human matching is disabled. A scientifically meaningful cross-species comparison requires a curated, literature-cited mapping defined by a domain expert before quantitative comparison is attempted."
harvard_oxford_cortical,Postcentral Gyrus,363,0.08305947555200703,59.0,3.3616106779233936,0.27921361991834387,59.0,228,0.025938066734275237,61.0,2.4951846645384195,0.0647202663431377,61.0,77,0.08320823432614269,50.0,1.7211243169446138,0.1432117154687497,50.0,321,0.2052525519092849,56.0,2.4537854873939593,0.5036457331255786,56.0,1579,0.04637298017586267,61.0,5.770496467759316,0.26759511830428834,61.0,0.24769783371395246,61.0,requires_curated_domain_expert_mapping,"Automatic lexical mouse-human matching is disabled. A scientifically meaningful cross-species comparison requires a curated, literature-cited mapping defined by a domain expert before quantitative comparison is attempted."
harvard_oxford_cortical,"Temporal Fusiform Cortex, anterior division",363,0.015990660107526623,62.0,3.3616106779233936,0.05375437376450514,62.0,228,0.0,63.0,2.4951846645384195,0.0,63.0,77,0.0665796055901246,54.0,1.7211243169446138,0.114591778193745,54.0,321,0.002539920171753305,63.0,2.4537854873939593,0.006232419256587432,63.0,1579,0.10024496623711875,59.0,5.770496467759316,0.5784632235819457,59.0,0.043644642803709395,62.0,requires_curated_domain_expert_mapping,"Automatic lexical mouse-human matching is disabled. A scientifically meaningful cross-species comparison requires a curated, literature-cited mapping defined by a domain expert before quantitative comparison is attempted."
harvard_oxford_cortical,"Inferior Temporal Gyrus, posterior division",363,0.031110085071238136,61.0,3.3616106779233936,0.10457999416657927,61.0,228,0.016241965775141143,62.0,2.4951846645384195,0.040526703924090045,62.0,77,0.007328145029493267,64.0,1.7211243169446138,0.012612648608357665,64.0,321,0.0001837043235525412,64.0,2.4537854873939593,0.0004507710031047499,64.0,1579,0.06364998175406754,60.0,5.770496467759316,0.36729199488479164,60.0,0.039542529425532935,63.0,requires_curated_domain_expert_mapping,"Automatic lexical mouse-human matching is disabled. A scientifically meaningful cross-species comparison requires a curated, literature-cited mapping defined by a domain expert before quantitative comparison is attempted."
harvard_oxford_cortical,"Inferior Temporal Gyrus, anterior division",363,0.0,64.0,3.3616106779233936,0.0,64.0,228,0.0,63.0,2.4951846645384195,0.0,63.0,77,0.03774324407256921,61.0,1.7211243169446138,0.06496081517367452,61.0,321,0.0032528673616774853,62.0,2.4537854873939593,0.007981838724501691,62.0,1579,0.0,63.0,5.770496467759316,0.0,63.0,0.018235663474544053,64.0,requires_curated_domain_expert_mapping,"Automatic lexical mouse-human matching is disabled. A scientifically meaningful cross-species comparison requires a curated, literature-cited mapping defined by a domain expert before quantitative comparison is attempted."
